{"stats":{"minecraft:dropped":{"minecraft:wheat_seeds":4,"minecraft:red_sandstone":4,"pixelmon:ultra_ball":448,"minecraft:chicken":1,"minecraft:feather":2,"minecraft:rotten_flesh":3,"minecraft:lead":1,"pixelmon:ultra_ball_lid":5,"minecraft:glowstone_dust":3,"pixelmon:repeat_ball":320,"pixelmon:s_exp_candy":1,"minecraft:coal":6,"minecraft:flint":3,"minecraft:dirt":15,"minecraft:stone_button":8,"minecraft:mutton":1,"minecraft:rabbit":3,"pixelmon:platinum_base":4,"minecraft:chest":1,"minecraft:sunflower":1,"minecraft:beef":6,"minecraft:cactus":1,"minecraft:white_wool":4,"minecraft:redstone":3,"minecraft:bone":5},"minecraft:used":{"minecraft:oak_fence":45,"minecraft:cooked_mutton":4,"pixelmon:pc":1,"pixelmon:red_apricorn":1,"minecraft:ladder":1,"minecraft:chest":8,"minecraft:stone":2,"minecraft:white_wool":4,"minecraft:cooked_chicken":16,"minecraft:dirt":21,"minecraft:sand":3,"minecraft:white_carpet":2,"minecraft:hopper":4,"pixelmon:trade_machine":2,"minecraft:oak_fence_gate":17,"minecraft:grass_block":12,"minecraft:oak_sapling":4,"pixelmon:poke_gift":3},"minecraft:picked_up":{"minecraft:leather":2,"minecraft:flint":4,"minecraft:oak_log":4,"minecraft:dirt":45,"pixelmon:silver_bottle_cap":1,"pixelmon:platinum_base":5,"pixelmon:dynamax_candy":1,"pixelmon:pokemail_dream_closed":1,"minecraft:bone":4,"pixelmon:cameruptite":1,"pixelmon:xl_exp_candy":3,"minecraft:red_sandstone":4,"minecraft:wheat_seeds":6,"pixelmon:grepa_berry":1,"pixelmon:ultra_ball":175,"pixelmon:tr8_blank":1,"pixelmon:exp_all":1,"minecraft:iron_ingot":1,"minecraft:beef":2,"minecraft:cooked_chicken":64,"minecraft:glowstone_dust":3,"pixelmon:poke_gift":2,"minecraft:stick":3,"pixelmon:s_exp_candy":1,"pixelmon:electrium_z":1,"minecraft:sand":3,"minecraft:stone_button":9,"minecraft:redstone":1,"pixelmon:ultra_ball_lid":6,"minecraft:cactus":1,"minecraft:rotten_flesh":1,"minecraft:oak_sapling":4,"pixelmon:exp_share":2,"minecraft:coal":3,"minecraft:white_wool":1,"minecraft:blaze_powder":4,"minecraft:sunflower":1},"minecraft:mined":{"minecraft:grass_block":16,"minecraft:tall_grass":8,"minecraft:cactus":2,"minecraft:grass":41,"minecraft:oak_log":4,"minecraft:sunflower":1,"minecraft:sand":1,"minecraft:dirt":20,"minecraft:oak_leaves":2},"minecraft:custom":{"minecraft:interact_with_furnace":3,"minecraft:open_barrel":11,"minecraft:play_one_minute":342288,"minecraft:interact_with_loom":1,"minecraft:leave_game":9,"minecraft:time_since_death":342288,"minecraft:climb_one_cm":1465,"minecraft:time_since_rest":342288,"minecraft:damage_taken":510,"minecraft:sprint_one_cm":440270,"minecraft:walk_one_cm":285438,"minecraft:drop":64,"minecraft:swim_one_cm":13348,"minecraft:fly_one_cm":453225,"minecraft:open_chest":9,"minecraft:crouch_one_cm":17348,"minecraft:sneak_time":6076,"minecraft:walk_under_water_one_cm":1868,"minecraft:jump":1723,"minecraft:walk_on_water_one_cm":8362,"minecraft:horse_one_cm":87996,"minecraft:fall_one_cm":49296}},"DataVersion":2586}