{"stats":{"minecraft:dropped":{"pixelmon:exp_all":1,"pixelmon:xl_exp_candy":3,"minecraft:cooked_chicken":128,"pixelmon:exp_share":1,"minecraft:rotten_flesh":4,"pixelmon:poke_gift":2,"pixelmon:pokemail_dream_closed":1,"minecraft:bone":1},"minecraft:used":{"pixelmon:pixelmon_spawner":1,"pixelmon:healer":1,"minecraft:cooked_chicken":25,"minecraft:sand":2,"pixelmon:red_berry_wood_boat":1,"pixelmon:trainer_editor":4,"pixelmon:poke_gift":15},"minecraft:picked_up":{"minecraft:coarse_dirt":4,"pixelmon:s_exp_candy":1,"pixelmon:red_berry_wood_boat":1,"minecraft:feather":4,"minecraft:leather":3,"minecraft:sand":2,"minecraft:stone_button":7,"minecraft:lily_pad":6,"minecraft:redstone":2,"pixelmon:platinum_base":6,"pixelmon:ultra_ball_lid":6,"minecraft:bone":1,"minecraft:cactus":4,"minecraft:rotten_flesh":4,"pixelmon:repeat_ball":320,"minecraft:wheat_seeds":3,"pixelmon:ultra_ball":506,"minecraft:cooked_chicken":64},"minecraft:mined":{"minecraft:grass_block":1,"minecraft:dirt":1,"minecraft:sand":2},"minecraft:custom":{"minecraft:time_since_rest":390552,"minecraft:sprint_one_cm":324813,"minecraft:damage_taken":910,"minecraft:walk_one_cm":683549,"minecraft:drop":11,"minecraft:swim_one_cm":8017,"minecraft:fly_one_cm":667158,"minecraft:open_barrel":1,"minecraft:open_chest":11,"minecraft:crouch_one_cm":233,"minecraft:play_one_minute":390552,"minecraft:sneak_time":225,"minecraft:walk_under_water_one_cm":16104,"minecraft:boat_one_cm":103208,"minecraft:jump":3138,"minecraft:leave_game":11,"minecraft:walk_on_water_one_cm":19700,"minecraft:time_since_death":390552,"minecraft:fall_one_cm":88511,"minecraft:horse_one_cm":160120}},"DataVersion":2586}